dbuttriss0,Dyanna,Buttriss,dbuttriss0@twitpic.com,H1BDWcTA0CJ
ctolchard1,Clio,Tolchard,ctolchard1@csmonitor.com,LXKKyJS
blooney2,Brandie,Looney,blooney2@godaddy.com,Q9bKXR
hmaccartair3,Hayes,MacCartair,hmaccartair3@nymag.com,OOhl08b
jrao4,Joaquin,Rao,jrao4@angelfire.com,PyIQ4GvG6
ddalligan5,Daryn,Dalligan,ddalligan5@yellowpages.com,OXnZGCEv91g
arzehor6,Aundrea,Rzehor,arzehor6@addtoany.com,cl8GrXkcbG
aolivetti7,Alyda,Olivetti,aolivetti7@bbb.org,ox1aH0b
mtomaino8,Margie,Tomaino,mtomaino8@vkontakte.ru,J5v0BAYD
eforlonge9,Emmalee,Forlonge,eforlonge9@ning.com,G4q5pMW0XDe8
adudgeona,Adena,Dudgeon,adudgeona@harvard.edu,66vLyMMypv
prayerb,Pablo,Rayer,prayerb@techcrunch.com,B4YbKH
cferenczc,Corette,Ferencz,cferenczc@ocn.ne.jp,2AGSo7u
rjoubertd,Ronica,Joubert,rjoubertd@rediff.com,Z6orVZ7zqT
pdilworthe,Peirce,Dilworth,pdilworthe@t-online.de,8qNoNLgm7
ageldeardf,Alix,Geldeard,ageldeardf@alexa.com,j1OFJnYn7D
dbrumwellg,Dana,Brumwell,dbrumwellg@gnu.org,Q7XDuY1VBb
nchateauh,Nahum,Chateau,nchateauh@prnewswire.com,tuFjhVDZ1
dcoonani,Donavon,Coonan,dcoonani@lulu.com,3f7F0EV2KJCz
ggreenacrej,Garth,Greenacre,ggreenacrej@auda.org.au,1wt6iBTYQpoT
ppetrescuk,Patton,Petrescu,ppetrescuk@pagesperso-orange.fr,oDzpXi
mkenefickl,Melli,Kenefick,mkenefickl@photobucket.com,h8whwjXfw1i
nszymonwiczm,Nellie,Szymonwicz,nszymonwiczm@cloudflare.com,x1qQr86
dparcellsn,Daile,Parcells,dparcellsn@economist.com,DuHqHHEATclZ
hkitleeo,Hernando,Kitlee,hkitleeo@altervista.org,KflzVkj0zE
acameranap,Aldon,Camerana,acameranap@baidu.com,vbSKx6o
sgianneschiq,Swen,Gianneschi,sgianneschiq@earthlink.net,jQPeTo28
atreverr,Arin,Trever,atreverr@godaddy.com,Try7BNlaYsL
aupsons,Aloise,Upson,aupsons@yahoo.com,ZWrKbSMk
mmarlandt,Mallissa,Marland,mmarlandt@plala.or.jp,w95wIiDNEqkh
agorckeu,Ariella,Gorcke,agorckeu@utexas.edu,XsJpM5V
nwhittav,Nero,Whitta,nwhittav@gnu.org,52Oy1Q
cdeevesw,Clemens,Deeves,cdeevesw@hc360.com,1A5wHQ
evanderveldtx,Ewan,Van der Veldt,evanderveldtx@phoca.cz,OWWRFinkK
aedmansy,Alphard,Edmans,aedmansy@studiopress.com,bjLbWI2
cmacfarlandz,Calli,MacFarland,cmacfarlandz@surveymonkey.com,kCVfxwpq
ksummerley10,Kendricks,Summerley,ksummerley10@ehow.com,Le1F1YE
sheaker11,Seth,Heaker,sheaker11@oracle.com,zof1NsbBWG36
ejonson12,Elroy,Jonson,ejonson12@nbcnews.com,RLwPZI0sa
ldunlap13,Lamond,Dunlap,ldunlap13@go.com,wYro8JByDTTF
mhaet14,Michail,Haet,mhaet14@privacy.gov.au,MssTblCvjp
crenish15,Charo,Renish,crenish15@ucoz.ru,rj9wYZHKSmW
wslate16,Wiley,Slate,wslate16@stumbleupon.com,idimZ6e
etine17,Elijah,Tine,etine17@newsvine.com,WP0oU9VC5
tbyars18,Town,Byars,tbyars18@gov.uk,DJSg8wVDa
sspink19,Shepperd,Spink,sspink19@redcross.org,0LVFvk9c
dcuncarr1a,Davina,Cuncarr,dcuncarr1a@devhub.com,3Ll4ArPi55o
slakenton1b,Shauna,Lakenton,slakenton1b@slashdot.org,bKYBhJnYsi6y
acottrill1c,Arthur,Cottrill,acottrill1c@ebay.com,bMa2eG1mMbQ1
jbracknell1d,Jewelle,Bracknell,jbracknell1d@hao123.com,TntvwWnuh
slemmon1e,Sheeree,Lemmon,slemmon1e@apache.org,77PBO3vVU
agerbl1f,Angeli,Gerbl,agerbl1f@goodreads.com,fekP4mcZJ2
hmurfin1g,Horton,Murfin,hmurfin1g@pen.io,PW1UrYvv
nshillum1h,Nonah,Shillum,nshillum1h@nationalgeographic.com,UPfiVXRx
espittall1i,Esdras,Spittall,espittall1i@wufoo.com,1sJCIMw5X
bbrittain1j,Bartram,Brittain,bbrittain1j@independent.co.uk,SxfwZzIlIL
gtows1k,Garrott,Tows,gtows1k@pcworld.com,pIHYg5
bquittonden1l,Broderic,Quittonden,bquittonden1l@addthis.com,abig4XvyoJkL
nkinder1m,Nikolos,Kinder,nkinder1m@icq.com,TsBt0Qs
kfothergill1n,Katerina,Fothergill,kfothergill1n@webs.com,r0uZ1WRHBH8K
tblaydon1o,Torrin,Blaydon,tblaydon1o@webeden.co.uk,G9a80fKFS3Bv
kzorzenoni1p,Kat,Zorzenoni,kzorzenoni1p@eventbrite.com,PrVcY1Y3
abeese1q,Astrix,Beese,abeese1q@edublogs.org,d0B32fO
ptapsfield1r,Pinchas,Tapsfield,ptapsfield1r@icio.us,0Oj3nUHoIIRM
btyhurst1s,Biddy,Tyhurst,btyhurst1s@elpais.com,0rds8ubCC
vtribell1t,Vinnie,Tribell,vtribell1t@addthis.com,6ENTkAl
eblick1u,Eleonore,Blick,eblick1u@51.la,FY3pHki
gnassau1v,Ginevra,Nassau,gnassau1v@angelfire.com,4TjLwrVa28
ttrickett1w,Torry,Trickett,ttrickett1w@networksolutions.com,68kZw583fsw0
crose1x,Caralie,Rose,crose1x@ucoz.com,SFlgQEYCu8lR
lbeamiss1y,Lorrie,Beamiss,lbeamiss1y@nature.com,ivpLNtra
zgarrood1z,Zane,Garrood,zgarrood1z@theatlantic.com,A2EZe0YqI97
lpashba20,Libbie,Pashba,lpashba20@phpbb.com,sARCEcy
ewilmut21,Eldridge,Wilmut,ewilmut21@earthlink.net,02kOjzw2Q
rtedahl22,Rod,Tedahl,rtedahl22@ask.com,spMywoTuN3F
tkarczinski23,Toby,Karczinski,tkarczinski23@jiathis.com,bwqgus
vcrudgington24,Val,Crudgington,vcrudgington24@usda.gov,11xSgdd
odalwis25,Ogdon,D'Alwis,odalwis25@macromedia.com,FBNvZXB
preilinger26,Perceval,Reilinger,preilinger26@telegraph.co.uk,pHKBhJLJbYt3
mgeary27,Menard,Geary,mgeary27@blinklist.com,qg6HEhzNR5Qj
bhug28,Blancha,Hug,bhug28@multiply.com,fdRasb
ashorie29,Allie,Shorie,ashorie29@cpanel.net,HeC4VTwCVz
jpowdrill2a,Jordon,Powdrill,jpowdrill2a@ask.com,tmCnio
garnot2b,Gabi,Arnot,garnot2b@amazon.co.jp,NvwIe0Bt
ndefrancisci2c,Netta,De Francisci,ndefrancisci2c@constantcontact.com,Q4OatIcai
sbolden2d,Stella,Bolden,sbolden2d@simplemachines.org,25DY3gTaWR
bdurden2e,Bridie,Durden,bdurden2e@domainmarket.com,LJPoNcwwg5t
agibard2f,Algernon,Gibard,agibard2f@hugedomains.com,ai1uAY
jshorbrook2g,Jim,Shorbrook,jshorbrook2g@sphinn.com,8ApnpQUg
fruppele2h,Farleigh,Ruppele,fruppele2h@yahoo.com,t5tEi3e
mchiplen2i,Marie-ann,Chiplen,mchiplen2i@cloudflare.com,wrGUyFHV
hotierney2j,Hurley,O'Tierney,hotierney2j@51.la,2vsiZQ8E
cpaske2k,Clemmie,Paske,cpaske2k@google.pl,eAovu9VgGp3
domurtagh2l,Dee,O'Murtagh,domurtagh2l@skype.com,xDm5u9NAkWw
bdraycott2m,Brittaney,Draycott,bdraycott2m@imgur.com,DMyeQPH
snutter2n,Skipper,Nutter,snutter2n@tumblr.com,pLF46R3i
ndunphy2o,Nathanael,Dunphy,ndunphy2o@chicagotribune.com,CL0DAcmY7
inorris2p,Iona,Norris,inorris2p@google.it,OtAg5A
nstebbins2q,Nicolas,Stebbins,nstebbins2q@springer.com,ojWmHAR
nstevenson2r,Nannette,Stevenson,nstevenson2r@biblegateway.com,pP7fKQYP
ffarbrother2s,Fayina,Farbrother,ffarbrother2s@parallels.com,vCHGXTcUC9
pyarrow2t,Phebe,Yarrow,pyarrow2t@ihg.com,ycXA4hN
gfreestone2u,Gaelan,Freestone,gfreestone2u@cargocollective.com,Ndavv9Ut
ctytcomb2v,Clarance,Tytcomb,ctytcomb2v@zdnet.com,TEJHB4vXnxZL
rgleave2w,Rosanne,Gleave,rgleave2w@seattletimes.com,ap8qMFhx
kbenezet2x,Kristy,Benezet,kbenezet2x@dropbox.com,ZHYHq9A
osiggs2y,Oliviero,Siggs,osiggs2y@upenn.edu,T5mxTbttRW4
dashley2z,Doe,Ashley,dashley2z@npr.org,bJFEuMYv2S
bgannon30,Beatrix,Gannon,bgannon30@kickstarter.com,0svqddH
rmcgrudder31,Rosanne,McGrudder,rmcgrudder31@nba.com,BxyV75OJtIF
bstell32,Byram,Stell,bstell32@sphinn.com,gRaiU8
mjonk33,Malina,Jonk,mjonk33@uiuc.edu,aW4oy65l
toldridge34,Teirtza,Oldridge,toldridge34@nps.gov,I9esQc6BRRS
lparlatt35,Lorianne,Parlatt,lparlatt35@ihg.com,fyboQ4i4dJHw
ncochrane36,Netti,Cochrane,ncochrane36@privacy.gov.au,XuF8yie7o
aelcocks37,Angelle,Elcocks,aelcocks37@kickstarter.com,3uHmQkPdbqjE
pkershow38,Priscella,Kershow,pkershow38@exblog.jp,OeB2Qo
dcheake39,Dillie,Cheake,dcheake39@bing.com,Tdx5Uw
mfetherston3a,Milissent,Fetherston,mfetherston3a@people.com.cn,DyQA7ZO
pcorneliussen3b,Page,Corneliussen,pcorneliussen3b@mac.com,OItip0sej
chaynesford3c,Carlotta,Haynesford,chaynesford3c@1und1.de,vd59Jx
bjedraszek3d,Burl,Jedraszek,bjedraszek3d@themeforest.net,8o2mzZe
wsalandino3e,Waldon,Salandino,wsalandino3e@gnu.org,otAaUm0t
ltithecote3f,Larissa,Tithecote,ltithecote3f@virginia.edu,fX6dPL4xjb
mbenedikt3g,Mimi,Benedikt,mbenedikt3g@java.com,G4ml1n
sduce3h,Selie,Duce,sduce3h@webeden.co.uk,A9pboTm5C3
abandey3i,Alayne,Bandey,abandey3i@irs.gov,gY5MjL
vkingshott3j,Vallie,Kingshott,vkingshott3j@globo.com,605nb3AH
hhamper3k,Hermann,Hamper,hhamper3k@nsw.gov.au,fi1iH34lKk6
mtrump3l,Mahalia,Trump,mtrump3l@globo.com,Q3OnYX4
kjaan3m,Kaela,Jaan,kjaan3m@soundcloud.com,QU3pQhj5rREv
wavieson3n,Wally,Avieson,wavieson3n@jugem.jp,Outnf61H46
mnimmo3o,Melosa,Nimmo,mnimmo3o@woothemes.com,GY1Z3w9j0U
jbyne3p,Jackelyn,Byne,jbyne3p@g.co,YE0iz7RPjQcw
lruste3q,Lilas,Ruste,lruste3q@bluehost.com,ggQjKyzQJYRm
amackartan3r,Aurilia,MacKartan,amackartan3r@soup.io,vu8v7UOFw
pfrizell3s,Peterus,Frizell,pfrizell3s@ezinearticles.com,Jb2tbCQ4Yg
hnew3t,Helli,New,hnew3t@theglobeandmail.com,68CZK8q819N
scurnucke3u,Sollie,Curnucke,scurnucke3u@google.com.hk,1RltpQhHstK
ljonk3v,Lionel,Jonk,ljonk3v@taobao.com,tOkM9dEQdcI
lhearst3w,Leonerd,Hearst,lhearst3w@domainmarket.com,VBcnxcRYIAE
mkeyser3x,Myrle,Keyser,mkeyser3x@paypal.com,gUfO5qlTLOpJ
amateos3y,Alis,Mateos,amateos3y@free.fr,4ahER9iA
emarxsen3z,Eustacia,Marxsen,emarxsen3z@livejournal.com,75ChbfXxts
ldaveran40,Lizabeth,Daveran,ldaveran40@nationalgeographic.com,JPV1gu9tUA
akuller41,Andras,Kuller,akuller41@i2i.jp,OTNFG9wO
hwankel42,Harriette,Wankel,hwankel42@hibu.com,ymHEZEg
klindelof43,Karon,Lindelof,klindelof43@blogger.com,Z0EcCWQeh
mdrake44,Marie-jeanne,Drake,mdrake44@cyberchimps.com,d9HUvT63
lberney45,Livvyy,Berney,lberney45@ask.com,rWd7feebS56
jhindmoor46,Jamima,Hindmoor,jhindmoor46@360.cn,89V47QSwLHq
wmcgarvie47,Wilden,McGarvie,wmcgarvie47@freewebs.com,OHVs1S6kD5
ccasemore48,Cullie,Casemore,ccasemore48@multiply.com,s3nmQgWgd
wgemeau49,Wallie,Gemeau,wgemeau49@tripadvisor.com,CXm7YJ
jcankett4a,Jody,Cankett,jcankett4a@google.cn,LpF93h2UiT5
lvellden4b,Leonhard,Vellden,lvellden4b@springer.com,nUOta5XR
hnuzzti4c,Hermione,Nuzzti,hnuzzti4c@tumblr.com,m5wZVXQ2e
ehordle4d,Elaina,Hordle,ehordle4d@purevolume.com,m4Mzvhg0pD
amegarry4e,Amabelle,Megarry,amegarry4e@digg.com,4GNvQA46h
gpawels4f,Gina,Pawels,gpawels4f@ask.com,19dhpGV3b3rB
chughs4g,Chariot,Hughs,chughs4g@unc.edu,wqp6e5O4ZA
dduigan4h,Donna,Duigan,dduigan4h@weather.com,EqrSFV1V
ajecks4i,Arnaldo,Jecks,ajecks4i@phpbb.com,IYaVIQ6RRyE
sjaulme4j,Sallyann,Jaulme,sjaulme4j@com.com,v1ctAW
mashmole4k,Milka,Ashmole,mashmole4k@digg.com,YgSqytOTbNu
pavann4l,Pete,Avann,pavann4l@geocities.com,dOhX23qUCuzH
ilowey4m,Iormina,Lowey,ilowey4m@list-manage.com,0kX3D6Dw
cblackley4n,Caty,Blackley,cblackley4n@google.ca,Nbo7OC
eghiron4o,Elton,Ghiron,eghiron4o@lulu.com,lC4jSFgO
scorson4p,Sheila,Corson,scorson4p@altervista.org,CBqRGE
baslam4q,Bram,Aslam,baslam4q@histats.com,YkN0ddsr
sharrisson4r,Salmon,Harrisson,sharrisson4r@archive.org,2cIzg0W
halfonsini4s,Hurlee,Alfonsini,halfonsini4s@posterous.com,Gzc1v3YMS5Z
nborley4t,Nicole,Borley,nborley4t@cbsnews.com,5CajhdT9Z
grubinfeld4u,Gilemette,Rubinfeld,grubinfeld4u@about.me,kF5ASUuTs
twanka4v,Tucker,Wanka,twanka4v@wired.com,OuqgHEIHDgq
tfadden4w,Tedra,Fadden,tfadden4w@angelfire.com,N0xP7v9dK1O
eclaxson4x,Erinna,Claxson,eclaxson4x@businessweek.com,MvDL9SAj3HUA
gscoon4y,Greer,Scoon,gscoon4y@google.ru,p6AmxGp9
mbater4z,Marley,Bater,mbater4z@wikipedia.org,c5wtJftTB9
bbrumbie50,Blancha,Brumbie,bbrumbie50@berkeley.edu,kGp4gMo7jQg
dwestgarth51,Derrek,Westgarth,dwestgarth51@blinklist.com,y8oWax
dwillan52,Dannie,Willan,dwillan52@delicious.com,CoYHoO
gwallworke53,Giacobo,Wallworke,gwallworke53@elegantthemes.com,ruuZdbpXV8
lhabbergham54,Luce,Habbergham,lhabbergham54@mit.edu,62pa9P8
jmachen55,Jeramie,Machen,jmachen55@163.com,2cURRo0s7dhV
kdematteis56,Konstanze,De Matteis,kdematteis56@dagondesign.com,ZzlwYxRpK7L
llinturn57,Luci,Linturn,llinturn57@discovery.com,ix5xy2id
sdelavaletteparisot58,Serene,de la Valette Parisot,sdelavaletteparisot58@berkeley.edu,2cxcE4u
hingham59,Heidie,Ingham,hingham59@abc.net.au,4EXnlkoU6whi
creily5a,Ciel,Reily,creily5a@google.de,2o9y5wDU95r
hcoleridge5b,Hayes,Coleridge,hcoleridge5b@washingtonpost.com,nKVqw7O
smacculloch5c,Scarlett,MacCulloch,smacculloch5c@naver.com,WrTKXyouVdN
hfriese5d,Hussein,Friese,hfriese5d@utexas.edu,WW5RglWIiGP
nmacgrath5e,Nanette,MacGrath,nmacgrath5e@creativecommons.org,juA6Ymc
erelf5f,Emylee,Relf,erelf5f@chron.com,dtsoBtrY
hchaudrelle5g,Harriott,Chaudrelle,hchaudrelle5g@answers.com,nLTwXzQn
aeasen5h,Amerigo,Easen,aeasen5h@ucoz.com,MQgzPKBM
jcarlile5i,Jackquelin,Carlile,jcarlile5i@bandcamp.com,VPCVfvO8kR7
tdive5j,Town,Dive,tdive5j@ucla.edu,4ikz54W
mleyzell5k,Merrick,Leyzell,mleyzell5k@foxnews.com,RxzNa9q3
wforman5l,Willetta,Forman,wforman5l@yandex.ru,hIQk71XNUqoD
jhendrich5m,Jolene,Hendrich,jhendrich5m@hao123.com,XY3gNZ
mlevy5n,Mathias,Levy,mlevy5n@latimes.com,8wNRZMtPUQP
claskey5o,Cacilia,Laskey,claskey5o@netscape.com,NO0x0lvDp
njeger5p,Noell,Jeger,njeger5p@slate.com,AEm4RkPkmP
chuston5q,Claudetta,Huston,chuston5q@addtoany.com,2LQoOKig
kklejna5r,Kikelia,Klejna,kklejna5r@acquirethisname.com,M09zFy
rcoghlan5s,Raymond,Coghlan,rcoghlan5s@so-net.ne.jp,bElpX1
gmowsdill5t,Grove,Mowsdill,gmowsdill5t@jiathis.com,jJEEquQTV
pcastelyn5u,Patrizia,Castelyn,pcastelyn5u@reuters.com,pHUf8M
mjaan5v,Merilyn,Jaan,mjaan5v@rakuten.co.jp,ADqgKhHC3ujR
kborton5w,Karee,Borton,kborton5w@cyberchimps.com,nY5aERHBVl
dkuhnt5x,Dorian,Kuhnt,dkuhnt5x@godaddy.com,FLfgL8
klandrean5y,Karlyn,Landrean,klandrean5y@loc.gov,a17glBuDNcBm
wdaniels5z,Wandis,Daniels,wdaniels5z@ox.ac.uk,m8vhss1kZN
hfawcus60,Humberto,Fawcus,hfawcus60@cbslocal.com,viCzJ0A9jy1
vholdall61,Virge,Holdall,vholdall61@rakuten.co.jp,XtN4havjej
jhaygreen62,Jsandye,Haygreen,jhaygreen62@amazon.co.jp,XFrVY8CN5
ndinsell63,Nikolaus,Dinsell,ndinsell63@goo.ne.jp,ShDMbr
xcreboe64,Xaviera,Creboe,xcreboe64@wikispaces.com,F5Upplq5y65
spiggins65,Stavros,Piggins,spiggins65@eepurl.com,s0dSl4tcUC
tpetruskevich66,Tobey,Petruskevich,tpetruskevich66@independent.co.uk,zHmPMPB
areynish67,Arabela,Reynish,areynish67@prlog.org,Ckimakl
adafter68,Aldin,Dafter,adafter68@hp.com,XxpiY9i4n
tharfleet69,Timmy,Harfleet,tharfleet69@telegraph.co.uk,3reF5KN7W
bmartlew6a,Bellanca,Martlew,bmartlew6a@nytimes.com,Jljo0AN
jbehagg6b,Jodee,Behagg,jbehagg6b@bluehost.com,nSLFMEzvyv
ghatchman6c,Gustavo,Hatchman,ghatchman6c@ted.com,TZQejBU
gsaunders6d,Galvan,Saunders,gsaunders6d@surveymonkey.com,4foOSPhu
eanstice6e,Eugine,Anstice,eanstice6e@census.gov,pOLYoAhCK9xZ
jmcrill6f,Job,McRill,jmcrill6f@wsj.com,j2G07QHFn
gyoodall6g,Gae,Yoodall,gyoodall6g@pen.io,WSoBI7
lhammarberg6h,Lyn,Hammarberg,lhammarberg6h@amazon.co.jp,WkGWQLv2
jsiggery6i,Jasper,Siggery,jsiggery6i@shop-pro.jp,sriN8Llwyt49
ppickerill6j,Parke,Pickerill,ppickerill6j@feedburner.com,e1xBloW
jfishpond6k,Jennilee,Fishpond,jfishpond6k@domainmarket.com,jKucP8kH
hesser6l,Henriette,Esser,hesser6l@bluehost.com,MqukPKDyOg
dbolden6m,Doralyn,Bolden,dbolden6m@twitpic.com,in6Pxu
pfunnell6n,Perice,Funnell,pfunnell6n@desdev.cn,gIIJsSWkzk2
breeken6o,Bunni,Reeken,breeken6o@t.co,dBV8x52iN
hcolloff6p,Hailee,Colloff,hcolloff6p@is.gd,FYVBhm
pshefton6q,Pauly,Shefton,pshefton6q@google.co.uk,9rtPnHVss8
nlutzmann6r,Norrie,Lutzmann,nlutzmann6r@shinystat.com,XYhMSVwiW3OG
gtatnell6s,Goldi,Tatnell,gtatnell6s@comcast.net,CCP0QiERQ
irountree6t,Issie,Rountree,irountree6t@discuz.net,fsXEsUbkGz
ksugg6u,Keven,Sugg,ksugg6u@meetup.com,Df6yyFT
hdanigel6v,Horton,Danigel,hdanigel6v@freewebs.com,pL8AfAcJL4
hwillson6w,Henry,Willson,hwillson6w@fda.gov,GC5DTw3Y
gcicculi6x,George,Cicculi,gcicculi6x@miitbeian.gov.cn,XAB3ADQRpiT
dhastie6y,Domingo,Hastie,dhastie6y@flavors.me,WxGDHjs
jaffuso6z,Julieta,Affuso,jaffuso6z@upenn.edu,xAm51b54oRA
fvanrembrandt70,Fields,Van Rembrandt,fvanrembrandt70@feedburner.com,74JeOO22L9S
ntabord71,Nomi,Tabord,ntabord71@geocities.jp,vi6eEqResl
kshankle72,Kaycee,Shankle,kshankle72@joomla.org,iq9GjMS6k
bevesque73,Boyce,Evesque,bevesque73@pen.io,tsyi1Lzg4ri2
swank74,Saudra,Wank,swank74@hp.com,4uRnHbq1YuF
tjickles75,Thain,Jickles,tjickles75@devhub.com,oirg5gub
bprop76,Betta,Prop,bprop76@ask.com,u55GTSLdh
emalser77,Evelin,Malser,emalser77@surveymonkey.com,lvecSJJre
gjarnell78,Gerianne,Jarnell,gjarnell78@linkedin.com,fT2wyOlyT
jgreen79,Janeczka,Green,jgreen79@marketwatch.com,n1tvugi
fvossing7a,Fedora,Vossing,fvossing7a@godaddy.com,ujzrafJzR
cwedmore7b,Calhoun,Wedmore,cwedmore7b@patch.com,j6Uc4BAmwwH
nberwick7c,Noni,Berwick,nberwick7c@goo.ne.jp,L1zoXmmer2k
hmorican7d,Hatti,Morican,hmorican7d@sciencedirect.com,NUWk75ZBO
spelcheur7e,Sylvia,Pelcheur,spelcheur7e@google.ru,8taXlS7iK9
cmaddin7f,Clarke,Maddin,cmaddin7f@nbcnews.com,nMaZPBinJj
rhedde7g,Regine,Hedde,rhedde7g@about.me,hTkOD5Jv
srowell7h,Sidonnie,Rowell,srowell7h@studiopress.com,bzm7txJVH
lmanagh7i,Lynde,Managh,lmanagh7i@cafepress.com,WVZfIC3a
jflindall7j,Jessamine,Flindall,jflindall7j@un.org,bOl7Vi
mbogeys7k,Malanie,Bogeys,mbogeys7k@opensource.org,XdK7HUK3v
vculbard7l,Valentia,Culbard,vculbard7l@jigsy.com,uDbVAs
mdimbylow7m,Milo,Dimbylow,mdimbylow7m@forbes.com,SC4GC7Cs
knaughton7n,Kristos,Naughton,knaughton7n@gmpg.org,nIIZyKq5Ed9g
ctompkiss7o,Carole,Tompkiss,ctompkiss7o@webeden.co.uk,QBUpHSc
lsmye7p,Leighton,Smye,lsmye7p@list-manage.com,06E5Clmir8C
nroullier7q,Nelson,Roullier,nroullier7q@auda.org.au,Ibzhsh
celverston7r,Corene,Elverston,celverston7r@edublogs.org,umpz5oirGT
aworster7s,Abbi,Worster,aworster7s@mac.com,phbEdoKcc
hburtonshaw7t,Hartwell,Burtonshaw,hburtonshaw7t@china.com.cn,ppkHu8qJpGM
tpolding7u,Trisha,Polding,tpolding7u@usnews.com,zabBthHl
rgoodinson7v,Raine,Goodinson,rgoodinson7v@samsung.com,fl3PL62nA
dfassman7w,Dag,Fassman,dfassman7w@foxnews.com,vBbPdvjB
mrollings7x,Meridel,Rollings,mrollings7x@unc.edu,qYKRxJE3tL
aphilliphs7y,Ardelle,Philliphs,aphilliphs7y@github.io,HO8OYy
kjaffray7z,Kiley,Jaffray,kjaffray7z@amazon.co.uk,zR5AXf1aJi
kasken80,Kalli,Asken,kasken80@nba.com,vZxoXPoUFog
glansdown81,Gerianne,Lansdown,glansdown81@canalblog.com,VxPaOZt
cgothup82,Cassy,Gothup,cgothup82@opensource.org,ZOt3BxAQZS8J
shughf83,Steward,Hughf,shughf83@dailymotion.com,NzmjauZ
cpalke84,Cal,Palke,cpalke84@redcross.org,cHXtqRH
dtelfer85,Delia,Telfer,dtelfer85@mail.ru,WLWbUCleooOL
gmcalpin86,Gustavus,McAlpin,gmcalpin86@over-blog.com,O0vWIT
dneillans87,Deeann,Neillans,dneillans87@java.com,zbV8EuFYwj1
yhyndson88,Yorker,Hyndson,yhyndson88@mayoclinic.com,y7N2kE
gnaisbet89,Giffy,Naisbet,gnaisbet89@deviantart.com,I9a9H9gwDQ
qriddlesden8a,Quinn,Riddlesden,qriddlesden8a@livejournal.com,iyvlmN8vLc1
kklassmann8b,Kellen,Klassmann,kklassmann8b@youku.com,enORo4OYyl
hkopje8c,Hieronymus,Kopje,hkopje8c@topsy.com,9JYaX9GWC
mflaherty8d,Margret,Flaherty,mflaherty8d@uiuc.edu,MmSRc52J
djeremiah8e,Damiano,Jeremiah,djeremiah8e@cloudflare.com,jiyB2l
cizacenko8f,Carly,Izacenko,cizacenko8f@tripod.com,kgfRr2d1H7
cmartini8g,Carrissa,Martini,cmartini8g@devhub.com,rp2Fev
gcofax8h,Glori,Cofax,gcofax8h@mtv.com,3gAgj53LwW9
klenthall8i,Kara,Lenthall,klenthall8i@nifty.com,sLPGurvEEg
dharling8j,Donna,Harling,dharling8j@hugedomains.com,TXqeOHiZS3
slepoidevin8k,Sydney,Lepoidevin,slepoidevin8k@vk.com,DNIormysFx
kheaker8l,Kaia,Heaker,kheaker8l@people.com.cn,3bva3yraD
mmoulson8m,Mirabella,Moulson,mmoulson8m@amazonaws.com,o1TRgkMurl
fhay8n,Ferdinand,Hay,fhay8n@webs.com,wTDsmPYXmePk
efairley8o,Estel,Fairley,efairley8o@ed.gov,AtNMphpFP
rcauley8p,Risa,Cauley,rcauley8p@soup.io,asPuQhG0I7l
lslisby8q,Lynnell,Slisby,lslisby8q@sitemeter.com,p0Q2qj
neglaise8r,Natale,Eglaise,neglaise8r@about.com,RjfLCAfq
wlaste8s,Welbie,Laste,wlaste8s@a8.net,yt4clVwkvv
lthandi8t,Lanae,Thandi,lthandi8t@yandex.ru,sgY69nZi73
mandriesse8u,Marc,Andriesse,mandriesse8u@addthis.com,9ZXb7a8hTZ
nsegrave8v,Nicko,Segrave,nsegrave8v@harvard.edu,uP8WR4
agerner8w,Angelo,Gerner,agerner8w@posterous.com,IjQjSx2Z3U
djovey8x,Dredi,Jovey,djovey8x@delicious.com,qTQryuJNssTA
drobke8y,Diannne,Robke,drobke8y@fotki.com,06NBCjezUE
jrosendale8z,Joete,Rosendale,jrosendale8z@eventbrite.com,QZ4Ybtj
apledger90,Amalea,Pledger,apledger90@blogspot.com,5M5Rdn
rkiffe91,Rurik,Kiffe,rkiffe91@nyu.edu,ld4YGyA0t
ldyte92,Lemar,Dyte,ldyte92@salon.com,59PVpcQ
grupprecht93,Giacomo,Rupprecht,grupprecht93@stumbleupon.com,KYiCWmMBi
fneubigging94,Fonz,Neubigging,fneubigging94@is.gd,bfSsbXqersF
jsignori95,Jerrylee,Signori,jsignori95@domainmarket.com,M4fUxSxDe
jfoulstone96,Jeralee,Foulstone,jfoulstone96@elpais.com,KwnCHpH
mmeiningen97,Marchall,Meiningen,mmeiningen97@upenn.edu,0DtNFiJkN
ktriplow98,Kerrill,Triplow,ktriplow98@scientificamerican.com,KQZKBhTwu
qlages99,Querida,Lages,qlages99@dropbox.com,QFP8JvJ1
abramwich9a,Audra,Bramwich,abramwich9a@ibm.com,Zfu5bco1LUt
zgrattan9b,Zak,Grattan,zgrattan9b@xinhuanet.com,XIWhyvY2H
jbaird9c,Jarrett,Baird,jbaird9c@macromedia.com,9QgSmH
qhumbert9d,Quill,Humbert,qhumbert9d@jiathis.com,IUOBXWpdXKks
mcalcott9e,Matthaeus,Calcott,mcalcott9e@ox.ac.uk,j0gmMd8Cs
kstutter9f,Kylen,Stutter,kstutter9f@house.gov,EOFbbe
bgladman9g,Berty,Gladman,bgladman9g@topsy.com,OU1lREx1dTY
emullender9h,Ericka,Mullender,emullender9h@boston.com,Y00tSIM0sj8
tlewsley9i,Tod,Lewsley,tlewsley9i@clickbank.net,twcDfB
agrelak9j,Amery,Grelak,agrelak9j@squarespace.com,1IKaccU
vzannelli9k,Valaree,Zannelli,vzannelli9k@qq.com,LB7Mbgs
cocorren9l,Cariotta,O'Corren,cocorren9l@4shared.com,C3snVqn32Oy
bnewlands9m,Briny,Newlands,bnewlands9m@paypal.com,s1wzeQcEz
tmaryan9n,Terry,Maryan,tmaryan9n@gnu.org,ZU4qQVhtGOYt
vsellner9o,Verge,Sellner,vsellner9o@census.gov,7nOxtVyK
rkarys9p,Rufus,Karys,rkarys9p@geocities.jp,qqOasz
sca9q,Sal,Ca,sca9q@tuttocitta.it,H5eIbp
wpeekevout9r,Whit,Peeke-Vout,wpeekevout9r@yahoo.com,Ki62nb5are
ebroomhall9s,Evania,Broomhall,ebroomhall9s@indiegogo.com,Ij4p8yXl
sastridge9t,Samara,Astridge,sastridge9t@joomla.org,80p4oDSxu
pgoodliffe9u,Philippa,Goodliffe,pgoodliffe9u@pen.io,0XpqwZamGT3
mmunro9v,Manon,Munro,mmunro9v@kickstarter.com,7CdWHtHpaiqc
blait9w,Belita,Lait,blait9w@feedburner.com,7jgc6H20UV
vallsebrook9x,Verla,Allsebrook,vallsebrook9x@biblegateway.com,VYHQLqEsnb
tfalconer9y,Trina,Falconer,tfalconer9y@webmd.com,HJLGAfAC3
rjeaneau9z,Raynard,Jeaneau,rjeaneau9z@lycos.com,wgBEw9t
mrailtona0,Mahmoud,Railton,mrailtona0@cyberchimps.com,IanBx73MR
jsollarsa1,Jolyn,Sollars,jsollarsa1@geocities.com,Keh6gsMIVn
dmcilwricka2,Dniren,Mc Ilwrick,dmcilwricka2@smh.com.au,OrEXxoi9
gbainbridgea3,Georges,Bainbridge,gbainbridgea3@networkadvertising.org,AoPNWzdw
fkarpeeva4,Felice,Karpeev,fkarpeeva4@apache.org,7r0szGFTmK
spetcheya5,Seamus,Petchey,spetcheya5@fastcompany.com,zi604zAQi
ebeauchampa6,Effie,Beauchamp,ebeauchampa6@redcross.org,YXafJLQHis
chowchina7,Carrissa,Howchin,chowchina7@pinterest.com,r2PyAI
bhurrena8,Brandtr,Hurren,bhurrena8@cdbaby.com,0goPau5
mbignala9,Mariquilla,Bignal,mbignala9@github.io,VaPDVteMAP
smacgheeaa,Skyler,MacGhee,smacgheeaa@unicef.org,dFOpsbKULtl
rgreenroydab,Robena,Greenroyd,rgreenroydab@merriam-webster.com,q3UyyDBe1vir
peliassonac,Payton,Eliasson,peliassonac@google.it,rQ9eZmojtb69
lcaslanead,Linc,Caslane,lcaslanead@google.nl,fV7Z6eN15
zduggonae,Zerk,Duggon,zduggonae@businessinsider.com,7gSADVHkj
jeshaf,Jammal,Esh,jeshaf@google.co.jp,vtkCalgT1Aub
scobbledag,Sigvard,Cobbled,scobbledag@ezinearticles.com,uQ26O74OL0Cy
apantlinah,Annnora,Pantlin,apantlinah@wikipedia.org,npBQoAHoa81
cbenduhnai,Colline,Benduhn,cbenduhnai@bloglovin.com,oGawCi
jparradyeaj,Jolene,Parradye,jparradyeaj@buzzfeed.com,hBf9ggHyHt
gcottonak,Griffie,Cotton,gcottonak@fastcompany.com,9i4QGLE
fbeazleyal,Fernandina,Beazley,fbeazleyal@walmart.com,MYfDtdn
kashmentam,Kiri,Ashment,kashmentam@wufoo.com,VUXxF7qKeHJ
psparyan,Pancho,Spary,psparyan@ft.com,0bzUgy7UUA
agasparao,Ancell,Gaspar,agasparao@netscape.com,SMmExew
jmaffulliap,Jessica,Maffulli,jmaffulliap@cnbc.com,lpun4E9ORS05
pcarraq,Paula,Carr,pcarraq@miitbeian.gov.cn,k1MC5iyktZk
fcornillotar,Felicle,Cornillot,fcornillotar@furl.net,HfQW0T7
ecancuttas,Efrem,Cancutt,ecancuttas@cnet.com,LFa78Em35v
msuterat,Modesta,Suter,msuterat@sciencedirect.com,9sBR8B
cpellewau,Cherey,Pellew,cpellewau@state.tx.us,L8tsZcdeSxXq
mbramstomav,Meir,Bramstom,mbramstomav@geocities.com,7KjbMH
fgallienneaw,Farrel,Gallienne,fgallienneaw@feedburner.com,r8JKrqRVh
ywyldboreax,Yvor,Wyldbore,ywyldboreax@columbia.edu,IdNlTNqV
ssyselanday,Sofie,Syseland,ssyselanday@quantcast.com,jdimMiX651o
yandinoaz,Yulma,Andino,yandinoaz@addtoany.com,TegaQwX2
tbasillb0,Tremain,Basill,tbasillb0@pen.io,qqWxsSu
edallmannb1,Evie,Dallmann,edallmannb1@nsw.gov.au,auiovZRVNI0
tberreclothb2,Ted,Berrecloth,tberreclothb2@whitehouse.gov,qiUpjuKK
ihoyb3,Isiahi,Hoy,ihoyb3@sbwire.com,iIyQzOZ
cmorganb4,Caralie,Morgan,cmorganb4@salon.com,6FHGdlpuD
lhannafordb5,Leon,Hannaford,lhannafordb5@163.com,05zWE6dege9
gculleyb6,Gena,Culley,gculleyb6@sogou.com,o8SNGLxGro
ggaitskillb7,Gus,Gaitskill,ggaitskillb7@usatoday.com,3WBFCuof
bgivensb8,Bary,Givens,bgivensb8@tinyurl.com,vBjOvQ
rclacb9,Russ,Clac,rclacb9@multiply.com,32vUl1OlbKxa
ofreeberneba,Odie,Freeberne,ofreeberneba@plala.or.jp,IO6264bwCdfs
cpiscopobb,Claudius,Piscopo,cpiscopobb@ifeng.com,EUKSaROpVg
fspellwardbc,Fitz,Spellward,fspellwardbc@google.es,WPVYnLPQ8hib
randriveauxbd,Rube,Andriveaux,randriveauxbd@furl.net,97PKHsxO
jrayltonbe,Jackie,Raylton,jrayltonbe@businessinsider.com,jdvK6UAq
ctrewbf,Cly,Trew,ctrewbf@blinklist.com,jsu5A2uOzJkO
jhornigbg,Jock,Hornig,jhornigbg@google.fr,HnwZvlXj
tleemansbh,Tommie,Leemans,tleemansbh@oaic.gov.au,Ty7euSgmn
lwinscombi,Lindsy,Winscom,lwinscombi@ted.com,V249XXfUHK
ehodgesbj,Elfreda,Hodges,ehodgesbj@youtube.com,Pjj3hfQZtC
lbollesbk,Lillis,Bolles,lbollesbk@illinois.edu,X7JtegMqzUL
mshergillbl,Moe,Shergill,mshergillbl@discuz.net,jYApoYXh7z
obrittbm,Odelia,Britt,obrittbm@upenn.edu,SKynId4LOEg
ekennionbn,Earl,Kennion,ekennionbn@amazon.de,LNPdi4eGyF
ceadmeadsbo,Chelsy,Eadmeads,ceadmeadsbo@infoseek.co.jp,e1hLvAj
harnholdtbp,Hobart,Arnholdt,harnholdtbp@bandcamp.com,HsQ2BlyUSR
cdruittbq,Christalle,Druitt,cdruittbq@discovery.com,aYsvMbN00y
cenricobr,Carly,Enrico,cenricobr@wp.com,FjgvQdGSWL
apeadenbs,Anabal,Peaden,apeadenbs@photobucket.com,kOB7JTS6
sseallybt,Sherill,Seally,sseallybt@nih.gov,dc5oJJ9k
gzanettinibu,Gelya,Zanettini,gzanettinibu@ucsd.edu,tYBaQE2n
eratraybv,Emmalyn,Ratray,eratraybv@youtu.be,t242RRZB9cBH
agoodalebw,Alexia,Goodale,agoodalebw@imdb.com,VJVCmP
echeesworthbx,Essy,Cheesworth,echeesworthbx@china.com.cn,wOfuTJxjCe3
mwroeby,Melinda,Wroe,mwroeby@blog.com,KI8NkqR
ckemerybz,Chane,Kemery,ckemerybz@tripadvisor.com,C1EriRnH
xsealovec0,Xerxes,Sealove,xsealovec0@gmpg.org,jYTWVq
darnaudc1,Delilah,Arnaud,darnaudc1@sphinn.com,hviztfSpOK
pviscovic2,Paulina,Viscovi,pviscovic2@rediff.com,E1DRR6Z
sbraidc3,Scarlet,Braid,sbraidc3@prlog.org,RqNdQO3VvHv
lstannardc4,Leona,Stannard,lstannardc4@t-online.de,OFwICp
rternottc5,Rosaline,Ternott,rternottc5@java.com,7PIf8G73N6
pmeenyc6,Perla,Meeny,pmeenyc6@samsung.com,mWGbud2PPv0
rdelafieldc7,Rakel,DelaField,rdelafieldc7@dion.ne.jp,9jMy5yLUIJ
hgasconec8,Huntley,Gascone,hgasconec8@nsw.gov.au,TMUxHUGiquia
kfaldoec9,Kennan,Faldoe,kfaldoec9@pbs.org,PSYEkIp
chagwoodca,Cyndi,Hagwood,chagwoodca@businesswire.com,hsKUEDSJ4BFC
bdeardencb,Berny,Dearden,bdeardencb@washingtonpost.com,YawC2GUqHUPt
cfeatleycc,Clarance,Featley,cfeatleycc@guardian.co.uk,X4rnih
wallixcd,Willey,Allix,wallixcd@twitpic.com,AOdUo6
iimesonce,Iain,Imeson,iimesonce@over-blog.com,5mYGRE
bcaylecf,Bo,Cayle,bcaylecf@cafepress.com,vFRR7ciewBgL
tsalamoncg,Toiboid,Salamon,tsalamoncg@parallels.com,ZoKZYYYq
smatkinch,Spence,Matkin,smatkinch@nytimes.com,cXWpon4Q6CWY
jkemsonci,Johannah,Kemson,jkemsonci@squarespace.com,A3I64bk50G
mforrestcj,Milicent,Forrest,mforrestcj@cloudflare.com,fsOBwCojX
bgeldartck,Bartholemy,Geldart,bgeldartck@msu.edu,jrF7dONv
laluardcl,Lacy,Aluard,laluardcl@dagondesign.com,Ux1FeFWxW
fjerrandcm,Feodor,Jerrand,fjerrandcm@flavors.me,cdCsFiO1X8
ggierardicn,Gail,Gierardi,ggierardicn@shinystat.com,54flvy
tpackwoodco,Townsend,Packwood,tpackwoodco@github.com,TllMGHrJh33
evanecp,Enrichetta,Vane,evanecp@g.co,Cr387Ez
ldeakancq,Lilyan,Deakan,ldeakancq@nasa.gov,iv03mZG3
gglayzercr,Giovanni,Glayzer,gglayzercr@hao123.com,NKcgfj8jIp
bprozesckycs,Beatrisa,Prozescky,bprozesckycs@newyorker.com,8YaDGglsLCG
lburtwistlect,Land,Burtwistle,lburtwistlect@arstechnica.com,zoljp3lV
mdillestonecu,Marcel,Dillestone,mdillestonecu@dion.ne.jp,45Oe3hA
edensuncv,Ellswerth,Densun,edensuncv@fda.gov,M0rGc5z1y
loliphantcw,Lurleen,Oliphant,loliphantcw@scientificamerican.com,zWXCZMba
kperchcx,Kyle,Perch,kperchcx@parallels.com,yQ35JQ7
pbonefantcy,Pietro,Bonefant,pbonefantcy@devhub.com,cTKnZRPLLJ
ykashercz,Yankee,Kasher,ykashercz@nydailynews.com,YVt3CfRe
rcranmord0,Reuben,Cranmor,rcranmord0@google.es,0SEQBv
mbesqued1,Marie-ann,Besque,mbesqued1@opensource.org,oB5SrvlUBnf
scausierd2,Skylar,Causier,scausierd2@huffingtonpost.com,yeBVa1
jroycroftd3,Jarrod,Roycroft,jroycroftd3@seesaa.net,cA5GdIrjoJfn
bjanacekd4,Bentlee,Janacek,bjanacekd4@so-net.ne.jp,9BUEqcshBD
scramphornd5,Stanislas,Cramphorn,scramphornd5@topsy.com,ujdmNBA8P
ostockleyd6,Obadiah,Stockley,ostockleyd6@nymag.com,K4i2Jrcyy
kjerischd7,Kirbee,Jerisch,kjerischd7@sfgate.com,xsLnW0h7
tsnedkerd8,Thoma,Snedker,tsnedkerd8@wordpress.com,sXLSWeBDt
ybrydond9,Yolande,Brydon,ybrydond9@livejournal.com,Tksc59
mlakeyda,Marcile,Lakey,mlakeyda@artisteer.com,vXjyxP2Hn
dwoolgardb,Donavon,Woolgar,dwoolgardb@diigo.com,SLKyeS
jstertedc,Jackie,Sterte,jstertedc@etsy.com,1fRmFKB0W
ikalvindd,Ilise,Kalvin,ikalvindd@xing.com,GzOyxi7B
vgeorgerde,Valentino,Georger,vgeorgerde@illinois.edu,pPUUoOZt
rpinchondf,Reider,Pinchon,rpinchondf@jiathis.com,ytuEyQH
acainsdg,Annaliese,Cains,acainsdg@studiopress.com,07QSNnOky
crymandh,Cecily,Ryman,crymandh@slashdot.org,fX7cHf1GyS
jbrissetdi,Jefferson,Brisset,jbrissetdi@phoca.cz,j2pdoSRcXKL1
mcalwelldj,Mona,Calwell,mcalwelldj@de.vu,arP37siAp9b
btrunksdk,Bronny,Trunks,btrunksdk@ocn.ne.jp,srpZM8
gcoldwelldl,Gabbie,Coldwell,gcoldwelldl@stanford.edu,godBiYyOdzi
klamonddm,Kati,Lamond,klamonddm@flickr.com,Qhh1uJ8b
gbeldersondn,Gerri,Belderson,gbeldersondn@wikimedia.org,oPeoC4h7eH
acardalldo,Alis,Cardall,acardalldo@facebook.com,slSyEV
lchristaeasdp,Lyda,Christaeas,lchristaeasdp@wordpress.com,OM7Y0YF
dnibleydq,Darrin,Nibley,dnibleydq@technorati.com,RSZd4WDoP
aarmytagedr,Aleda,Armytage,aarmytagedr@ucoz.com,mVxjj1JamqND
wmacalroyds,Warren,MacAlroy,wmacalroyds@state.tx.us,R7K3Z5mhy3W
eorodanedt,Eula,O'Rodane,eorodanedt@instagram.com,y6ssWyyWda9
emulherondu,Emlyn,Mulheron,emulherondu@java.com,kiDpkpV
pocurrandv,Peder,O'Curran,pocurrandv@slideshare.net,Pn9cqhOlpY
amalinsondw,Austen,Malinson,amalinsondw@thetimes.co.uk,usIEnvxalre
twillavoysdx,Teodora,Willavoys,twillavoysdx@smh.com.au,r0w2HqDKw
lwhitingtondy,Lynna,Whitington,lwhitingtondy@exblog.jp,isTMFNNB
wlilbournedz,Wynne,Lilbourne,wlilbournedz@sohu.com,ss4W8uqu
mgobolose0,Manda,Gobolos,mgobolose0@rambler.ru,ykkJz3aN
tbedminstere1,Tommi,Bedminster,tbedminstere1@tamu.edu,EmCbAoKwnd3
nsaltmarshee2,Nerta,Saltmarshe,nsaltmarshee2@ucoz.ru,pqpR0p
ksallise3,Kelila,Sallis,ksallise3@engadget.com,DRaJVBKL2
acolquitee4,Antonius,Colquite,acolquitee4@upenn.edu,DqIrPcAa5K
gwallsame5,Griff,Wallsam,gwallsame5@etsy.com,LGt7GjQBQ
lcusworthe6,Leta,Cusworth,lcusworthe6@rakuten.co.jp,jPBfTzSo
ctincknelle7,Cyndie,Tincknell,ctincknelle7@nymag.com,6ggPTl
sboldocke8,Sonia,Boldock,sboldocke8@last.fm,DLIMZcTPW
hhodgetse9,Holly,Hodgets,hhodgetse9@ow.ly,NmZ2kZ3X
lliffeea,Laura,Liffe,lliffeea@cocolog-nifty.com,0jqFEncOMU
pcromlyeb,Perri,Cromly,pcromlyeb@sciencedirect.com,eO5tuIWA
wschulterec,Wendie,Schulter,wschulterec@blogger.com,iDANqIDqQOVk
flernered,Freeman,Lerner,flernered@last.fm,je1ApnOFeJ9n
sscimoniee,Symon,Scimoni,sscimoniee@google.co.uk,aBpoFrV
dmarkosef,Dane,Markos,dmarkosef@godaddy.com,RWLVpxy6QHw
bwoodingtoneg,Betteann,Woodington,bwoodingtoneg@oaic.gov.au,15MUXIhpc2rQ
agirkinseh,Austen,Girkins,agirkinseh@adobe.com,MmXRExnJXz
thinchshawei,Ted,Hinchshaw,thinchshawei@netscape.com,XQIa8g
dcordleej,Daphne,Cordle,dcordleej@1688.com,yFdcn1
fbrycesonek,Fitzgerald,Bryceson,fbrycesonek@networksolutions.com,Ho6q889TY
pfairbrotherel,Petrina,Fairbrother,pfairbrotherel@rediff.com,RgOJEF
aciobutaroem,Ade,Ciobutaro,aciobutaroem@tinypic.com,OOPru3xcaIQc
tvalentettien,Tadeo,Valentetti,tvalentettien@ibm.com,LdnVh0lxoPe
tsenchenkoeo,Tudor,Senchenko,tsenchenkoeo@java.com,j0RADzf
oshulverep,Olive,Shulver,oshulverep@smh.com.au,6asJmLTNZ
rhoulteq,Rosalinde,Hoult,rhoulteq@merriam-webster.com,CF8bY6pTbK
aiorizzoer,Alli,Iorizzo,aiorizzoer@wordpress.org,xTAP9Ls
jhelmkees,Joela,Helmke,jhelmkees@oakley.com,tcWigR5b8h
jlondonet,Josepha,London,jlondonet@google.pl,Lmw4Ylm
clonnoneu,Crystal,Lonnon,clonnoneu@princeton.edu,5CDpBIlp
rmauroev,Rockie,Mauro,rmauroev@shutterfly.com,6LOyvXa
csanchesew,Cullan,Sanches,csanchesew@businessinsider.com,Up2nRPVYOLo
mphetheanex,Mireille,Phethean,mphetheanex@newyorker.com,rrvs8gG59
hhighnamey,Hilliary,Highnam,hhighnamey@java.com,6E67F9Ry
ckittelez,Curtis,Kittel,ckittelez@myspace.com,gZRhllsfMnuw
tciccarellof0,Ted,Ciccarello,tciccarellof0@upenn.edu,0i5NdPcLZo8p
jdowtyf1,Joete,Dowty,jdowtyf1@imgur.com,Q4XRX5LZe
ltrevershf2,Loren,Treversh,ltrevershf2@disqus.com,3t7rw5LZo4WW
fjanakf3,Filberto,Janak,fjanakf3@pbs.org,Sj3lkhdaYnc
dglaumf4,Drusie,Glaum,dglaumf4@wisc.edu,JAuEnm8vBH0
mpuckringf5,Marlow,Puckring,mpuckringf5@oaic.gov.au,hJgZbw
mponnsettf6,Melina,Ponnsett,mponnsettf6@typepad.com,955Lxvt0Qtll
uabsolomf7,Ulberto,Absolom,uabsolomf7@zdnet.com,6A2LqzsWA
rrubinskyf8,Roley,Rubinsky,rrubinskyf8@dailymotion.com,eulNo1mF
jsimmenf9,Jamima,Simmen,jsimmenf9@creativecommons.org,fOQZEa0Bv
cgherarduccifa,Cherianne,Gherarducci,cgherarduccifa@accuweather.com,3wXxiJb2Vi
fjacquemyfb,Farleigh,Jacquemy,fjacquemyfb@vkontakte.ru,CdKdVNW0ieh
agoudyfc,Alwyn,Goudy,agoudyfc@nih.gov,sLVotz
asagarfd,Arlen,Sagar,asagarfd@irs.gov,zcaUDjB6g
etwistfe,Essy,Twist,etwistfe@bloglines.com,zq7cmBV
aheadsff,Alicia,Heads,aheadsff@indiatimes.com,viP3ucp
smethringhamfg,Sloane,Methringham,smethringhamfg@baidu.com,Fipsy9tIJb1
nlourencofh,Nerty,Lourenco,nlourencofh@cbc.ca,0kYeJTjK0
ddecrusefi,Danella,Decruse,ddecrusefi@bravesites.com,uODcaZlVT
hjorgerfj,Hermon,Jorger,hjorgerfj@parallels.com,5cRrAf
rbicklefk,Robby,Bickle,rbicklefk@people.com.cn,LskFMC94K
asamweyesfl,Alejandrina,Samweyes,asamweyesfl@xing.com,X9gdPg9GzM3l
jskirvingfm,Jilleen,Skirving,jskirvingfm@lulu.com,qj3v7BFa
skifffn,Scotty,Kiff,skifffn@google.ca,BxWzhGuj
cbarkleyfo,Cinnamon,Barkley,cbarkleyfo@opera.com,qQnQOeT
apitbladdofp,Adria,Pitbladdo,apitbladdofp@webnode.com,CtYsIzVlH
vfollittfq,Viola,Follitt,vfollittfq@nydailynews.com,iXHaUILtK
dandinofr,Devonne,Andino,dandinofr@howstuffworks.com,HttnUOTZ
jriseamfs,Jerrome,Riseam,jriseamfs@omniture.com,0KaxJdc
ddukesft,Dallas,Dukes,ddukesft@google.es,wvTxKeo
kyouhillfu,Katine,Youhill,kyouhillfu@unicef.org,t0xTouZ7
dwestbergfv,Dreddy,Westberg,dwestbergfv@japanpost.jp,zkIeYEg
etonnerfw,Edd,Tonner,etonnerfw@imdb.com,je6b9x
mrottefx,Merna,Rotte,mrottefx@toplist.cz,5z3bi2v
crudgefy,Cloe,Rudge,crudgefy@google.nl,Pls1E8
ggrombridgefz,Giff,Grombridge,ggrombridgefz@photobucket.com,284fS39crpV
wshuttellg0,Woodman,Shuttell,wshuttellg0@360.cn,C5dn71UyPAd3
apomeryg1,Aylmar,Pomery,apomeryg1@bbb.org,cP4g5K
bnapthineg2,Bea,Napthine,bnapthineg2@globo.com,EnD2WjEf
ckristianseng3,Camella,Kristiansen,ckristianseng3@tripod.com,RIdUYF2U544
bpotteng4,Bailie,Potten,bpotteng4@jiathis.com,XQAuoB4
dhutchisong5,Del,Hutchison,dhutchisong5@parallels.com,cI8aXuXlkxE9
douslemg6,Den,Ouslem,douslemg6@google.co.jp,MmripugN7G
jemmottg7,Joey,Emmott,jemmottg7@mayoclinic.com,TmS4SWlbwySi
kmcclearyg8,Ki,McCleary,kmcclearyg8@geocities.com,IORvpvtkv
agirkeg9,Alphonso,Girke,agirkeg9@redcross.org,jFOsAgDw
sveazeyga,Shirline,Veazey,sveazeyga@1und1.de,YzYT3Yfd
rzecchiniigb,Rebekkah,Zecchinii,rzecchiniigb@dmoz.org,59P3ghcc1
cdunnicogc,Christy,Dunnico,cdunnicogc@vistaprint.com,kkiLkswLbU2
bgentgd,Bartlett,Gent,bgentgd@shareasale.com,HTHlRTj
rstotge,Reinwald,Stot,rstotge@epa.gov,m5a9cF9QW
egarfieldgf,Early,Garfield,egarfieldgf@usnews.com,FvkIQbnIw7t
ehuntgg,Etti,Hunt,ehuntgg@vkontakte.ru,RyUFsYBYUS
fmcgilvragh,Faydra,McGilvra,fmcgilvragh@engadget.com,EeTkqCJ
jcassleygi,Jandy,Cassley,jcassleygi@delicious.com,BDPtEA215Swu
khalfordgj,Kinnie,Halford,khalfordgj@usatoday.com,SEm7htStnIJm
dtipladygk,Darell,Tiplady,dtipladygk@uol.com.br,gsieOgH3y
fsartongl,Fayina,Sarton,fsartongl@imdb.com,agyQqNa
esultanagm,Ed,Sultana,esultanagm@ehow.com,DcZyoT6eM
icrudgegn,Irving,Crudge,icrudgegn@multiply.com,d83DeV
tbeego,Trina,Bee,tbeego@senate.gov,rHUq4QteJ2b
eselmangp,Eberhard,Selman,eselmangp@tripadvisor.com,Qu63O6tcQENB
vjennogq,Vladimir,Jenno,vjennogq@nydailynews.com,IpHUrZ3
bdoeggr,Baxie,Doeg,bdoeggr@spiegel.de,JwGSlffP
kcarvergs,Kevon,Carver,kcarvergs@eepurl.com,Qx7cuig3
borumgt,Barbi,Orum,borumgt@telegraph.co.uk,1nrFeaKdW
mberwickgu,Modesta,Berwick,mberwickgu@sitemeter.com,HWWw7BuB
rgrinstongv,Ross,Grinston,rgrinstongv@eepurl.com,1FQxIHIz2L7
ltiernangw,Launce,Tiernan,ltiernangw@pinterest.com,zD1FMPzG
efairlamgx,Elisha,Fairlam,efairlamgx@ebay.co.uk,3vN2RI
bpaviegy,Bernarr,Pavie,bpaviegy@wp.com,DYN8YZRdDnvc
jgeekiegz,Jarvis,Geekie,jgeekiegz@wiley.com,4wSYiU23
pswindlesh0,Patrizia,Swindles,pswindlesh0@phoca.cz,c6B8Z1
mburkillh1,Monti,Burkill,mburkillh1@wsj.com,yyYoTXhBHdD3
drobilarth2,Dorolice,Robilart,drobilarth2@tinypic.com,BVoVkRy1j
rwillshearh3,Rubetta,Willshear,rwillshearh3@reuters.com,yB7ZKXg
sswaffordh4,Shirline,Swafford,sswaffordh4@e-recht24.de,4PWUvk
claurensh5,Christina,Laurens,claurensh5@xrea.com,PdFjS1qh5
bmcgeadyh6,Benedikta,McGeady,bmcgeadyh6@linkedin.com,X2BiycZnZCq
cburnapph7,Cointon,Burnapp,cburnapph7@github.com,DjNeJN
abonafacinoh8,Alicia,Bonafacino,abonafacinoh8@meetup.com,zdJKcQFdKt
gplummerh9,Gerome,Plummer,gplummerh9@about.me,DCEKc10B
mclokeha,Mischa,Cloke,mclokeha@canalblog.com,mD6EQ0X
ndreushb,North,Dreus,ndreushb@sbwire.com,sxHhU1dQ5t9B
afeakhc,Angy,Feak,afeakhc@smugmug.com,XOLXzjQNO
dmclagganhd,Delmore,McLaggan,dmclagganhd@sciencedaily.com,9saLycsIGyO
tcaberashe,Townsend,Caberas,tcaberashe@about.me,r05xaiD3GD
pbyashf,Pat,Byas,pbyashf@networksolutions.com,a1fVo2hvjU2Z
dnavarrohg,Dilly,Navarro,dnavarrohg@globo.com,415iXnK2H
rmaccarterhh,Rab,MacCarter,rmaccarterhh@theglobeandmail.com,SQQqL0qm
rvendittihi,Rosita,Venditti,rvendittihi@pinterest.com,auYmGW
lgallyonhj,Leelah,Gallyon,lgallyonhj@ehow.com,ZKOr7j
ukinleysidehk,Ursa,Kinleyside,ukinleysidehk@imgur.com,99pSvO1
rfeldbaumhl,Rici,Feldbaum,rfeldbaumhl@sitemeter.com,TrdEAEq8bwUc
fmingohm,Frederico,Mingo,fmingohm@arizona.edu,l6xYW7UGksS
abaudassihn,Alf,Baudassi,abaudassihn@artisteer.com,KWXvMwqQ
rharwickho,Reinhold,Harwick,rharwickho@gmpg.org,yQu3AOT
pnarduccihp,Preston,Narducci,pnarduccihp@opensource.org,uWYZQXJuRn9
lroubyhq,Les,Rouby,lroubyhq@psu.edu,3uh4IBs6Y
slowthianhr,Susy,Lowthian,slowthianhr@paginegialle.it,nH13Rj
chuckinhs,Christoph,Huckin,chuckinhs@usa.gov,g6Xkf7bK
ltommenht,Lorinda,Tommen,ltommenht@amazon.de,KI5s9Z
cloderhu,Casie,Loder,cloderhu@plala.or.jp,IaeCv8DAvQzH
kmcclayhv,Khalil,McClay,kmcclayhv@ucla.edu,lVxdpeCUmvC
vdurhamhw,Vassili,Durham,vdurhamhw@gmpg.org,fmZcEcZR
dwakelyhx,Dolley,Wakely,dwakelyhx@unc.edu,8LOG7tTsf
pewingshy,Pippy,Ewings,pewingshy@sogou.com,udR8jfjh
gbuggehz,Gwyn,Bugge,gbuggehz@hp.com,jBvUHSPb
lmacphadeni0,Leonerd,MacPhaden,lmacphadeni0@booking.com,0lruEf3Cx
pcockneyi1,Perla,Cockney,pcockneyi1@mtv.com,Gt3R8c51r
dbisseti2,Darn,Bisset,dbisseti2@illinois.edu,kMqlism
twomacki3,Timofei,Womack,twomacki3@cbslocal.com,IYRcDb2l
sspeaki4,Sidney,Speak,sspeaki4@over-blog.com,l1VXQp4Br
frodgieri5,Fin,Rodgier,frodgieri5@admin.ch,YbgL63q
gswatlandi6,Grethel,Swatland,gswatlandi6@google.nl,Kn3pXVxFD
jbeardalli7,Jenna,Beardall,jbeardalli7@tumblr.com,PRmUIFGS4lu
bgarveyi8,Bruce,Garvey,bgarveyi8@nature.com,nz4kb7u8Hip4
ameadersi9,Alanah,Meaders,ameadersi9@bloomberg.com,VB5NK6vWNz
ssellimania,Sanders,Selliman,ssellimania@statcounter.com,RiwdLQD
abindinib,Alic,Bindin,abindinib@mlb.com,yE5jpleIoYj
tchewic,Tatum,Chew,tchewic@ameblo.jp,1UosMS
mpippardid,Mahala,Pippard,mpippardid@umich.edu,jJ8jLCYW1
cchadburnie,Cissiee,Chadburn,cchadburnie@bluehost.com,eBYZWq
rboarderif,Rick,Boarder,rboarderif@hugedomains.com,0inCIHlaLga
dvassbenderig,Dar,Vassbender,dvassbenderig@yellowbook.com,SwpLnGf8E
hsemoradih,Heddi,Semorad,hsemoradih@economist.com,qxmegOvt
dtidboldii,Diane-marie,Tidbold,dtidboldii@cdc.gov,KU8FpFNpTX
mnealyij,Marcello,Nealy,mnealyij@parallels.com,k0yCDm748YO
emiddlemissik,Elvin,Middlemiss,emiddlemissik@ca.gov,77i84UVDf90Y
mcroftsil,Madeleine,Crofts,mcroftsil@nymag.com,BmkTOSS
abygroveim,Andie,Bygrove,abygroveim@usnews.com,0nKbPiZxh
cbonicelliin,Catharine,Bonicelli,cbonicelliin@pen.io,YKHs9W4Bwz
ttunmoreio,Tom,Tunmore,ttunmoreio@cmu.edu,nprACSL
fshallcroffip,Felizio,Shallcroff,fshallcroffip@tmall.com,FFkhk70t
cbelleiq,Clari,Belle,cbelleiq@wordpress.org,FZeEM0mZhMc
kgerckensir,Kathryn,Gerckens,kgerckensir@dropbox.com,9zeLQ41DHeZk
rskipperis,Ricca,Skipper,rskipperis@squidoo.com,lcYvpWt
sschulzit,Sigismund,Schulz,sschulzit@mayoclinic.com,Z3bQi56Yw3p
dkillfordiu,Dory,Killford,dkillfordiu@reddit.com,tc8MdGSQ
ttwiddleiv,Taylor,Twiddle,ttwiddleiv@istockphoto.com,YzqzsGUuAB
fdyettiw,Fania,Dyett,fdyettiw@msn.com,Urvj8cqHVOx
yreefix,Yoko,Reef,yreefix@surveymonkey.com,Xct5lF
tmilvertoniy,Torre,Milverton,tmilvertoniy@jiathis.com,ZVN1H0N6qGAf
scoyteiz,Selle,Coyte,scoyteiz@google.cn,x8MCPHyNU2
jmarquotj0,Jacques,Marquot,jmarquotj0@skyrock.com,bcD1cEc1rV
nlarkj1,Normie,Lark,nlarkj1@4shared.com,Q4JsYCG
mbarthropj2,Marcille,Barthrop,mbarthropj2@msu.edu,z6XHhicxjB7q
mwickeyj3,Malina,Wickey,mwickeyj3@hibu.com,0Fa13zjd
jbratcherj4,Janeczka,Bratcher,jbratcherj4@netscape.com,kx4PNsGjP
scathroj5,Steffen,Cathro,scathroj5@livejournal.com,XqUVf0UVRHuC
gduckittj6,Georgeanna,Duckitt,gduckittj6@hao123.com,GSLxn9X632kT
nklampj7,Nanine,Klamp,nklampj7@google.co.jp,tzFrhkqMBbS5
ssyddonj8,Sandra,Syddon,ssyddonj8@elpais.com,sOmkBWM
swensleyj9,Sly,Wensley,swensleyj9@ezinearticles.com,4ia08x0NE8
kklimschakja,Karin,Klimschak,kklimschakja@eventbrite.com,rbFd5Uz
crolstonjb,Chickie,Rolston,crolstonjb@telegraph.co.uk,z8K1YO
svandermarkjc,Sharon,Van der Mark,svandermarkjc@prweb.com,RD7gzgHmo1
nkleinplatzjd,Nanni,Kleinplatz,nkleinplatzjd@irs.gov,LbSxXUZjX
nluckcuckje,North,Luckcuck,nluckcuckje@globo.com,PTZ5UCddyve
tlowinjf,Thia,Lowin,tlowinjf@cargocollective.com,yUrpOQiFawn
jmuslajg,Jean,Musla,jmuslajg@diigo.com,f266LaZp02P
ashoebrookjh,Arel,Shoebrook,ashoebrookjh@slate.com,u8F6EnswIVrR
oristeji,Oriana,Riste,oristeji@stanford.edu,NJUOFqI
cknappenjj,Camile,Knappen,cknappenjj@independent.co.uk,90P4AJ
nsuttiejk,Nehemiah,Suttie,nsuttiejk@fda.gov,UCVTWBBpIo
bwardeljl,Bertrand,Wardel,bwardeljl@discuz.net,cwQdoYU
sdurdenjm,Savina,Durden,sdurdenjm@tuttocitta.it,pRwbsHY
jcaswilljn,Jarid,Caswill,jcaswilljn@about.com,WkCYHf5a
nhutchinsjo,Nobie,Hutchins,nhutchinsjo@uiuc.edu,NnaYZbgGB
mdulanyjp,Markus,Dulany,mdulanyjp@smh.com.au,Y4EVoj
cfuzzensjq,Caroline,Fuzzens,cfuzzensjq@techcrunch.com,QxOVyywOpqJ
gpiesingjr,Gene,Piesing,gpiesingjr@w3.org,vHDnzQQZ
cmollettjs,Curtis,Mollett,cmollettjs@feedburner.com,ARHi1mC0PU2i
djellicorsejt,Delcine,Jellicorse,djellicorsejt@noaa.gov,kay5vP11
vbeadonju,Vanessa,Beadon,vbeadonju@qq.com,iyCNTPqr
gginnerjv,Gerhard,Ginner,gginnerjv@sun.com,oebVxUkA
aearleyjw,Ashien,Earley,aearleyjw@uol.com.br,a8H7tVG5At91
jflethamjx,Joanna,Fletham,jflethamjx@japanpost.jp,MYki3i
cfeaversjy,Cristionna,Feavers,cfeaversjy@shinystat.com,f9Gz7eELTv
cphillippojz,Claudine,Phillippo,cphillippojz@wisc.edu,TpzdHOOF
lwanek0,Leena,Wane,lwanek0@hibu.com,JjF28B3uJqF
mlummasanak1,Margarette,Lummasana,mlummasanak1@tmall.com,9KfQ4yJ
eyankovk2,Erin,Yankov,eyankovk2@bing.com,0KmLRE9Db3N
yzuponek3,Ynes,Zupone,yzuponek3@msu.edu,T9tlmNuvE2K
nhanlink4,Nataniel,Hanlin,nhanlink4@about.me,v4KCDelrVd
kdiggk5,Kania,Digg,kdiggk5@mozilla.org,knFmPQk
echampkenk6,Edi,Champken,echampkenk6@senate.gov,cOSbxMpF
skinnark7,Selestina,Kinnar,skinnark7@myspace.com,Yzd0Q4NgDAB
ascreetonk8,Aurilia,Screeton,ascreetonk8@illinois.edu,AgAunogqXUqY
jbrownbridgek9,Jobi,Brownbridge,jbrownbridgek9@ifeng.com,pIj9JA
fhebdonka,Franklin,Hebdon,fhebdonka@go.com,H1LZWQ8Ypd
achisholmekb,Ashlin,Chisholme,achisholmekb@ca.gov,X7tse4
nvysekc,Nolie,Vyse,nvysekc@de.vu,fCrcael
lgraftonkd,Lockwood,Grafton,lgraftonkd@vk.com,NfjbumK5
kbarhemke,Kim,Barhem,kbarhemke@vistaprint.com,a7fgiVvk0
epacittikf,Eirena,Pacitti,epacittikf@studiopress.com,pre981
jwhiffenkg,Jackqueline,Whiffen,jwhiffenkg@samsung.com,hcFAFa1ig
csoankh,Cal,Soan,csoankh@ucla.edu,pFnimVSa
ningersonki,Natalina,Ingerson,ningersonki@xrea.com,e7Fs35ADuCB
rheadonkj,Rowen,Headon,rheadonkj@accuweather.com,IGuqKZl
ndunsfordkk,Niki,Dunsford,ndunsfordkk@wufoo.com,YzkHse
akeningtonkl,Amble,Kenington,akeningtonkl@domainmarket.com,pzkmgi
kpoxsonkm,King,Poxson,kpoxsonkm@cafepress.com,h1OFIhv0ia
mleemanskn,Moria,Leemans,mleemanskn@statcounter.com,vlLFq1L4yCq6
kmccullochko,Kristian,McCulloch,kmccullochko@php.net,F3ffS87Folz
agheraldikp,Aeriel,Gheraldi,agheraldikp@freewebs.com,87usGJ
tgiveskq,Terri,Gives,tgiveskq@theglobeandmail.com,gkFuvAy
coxbykr,Chiarra,Oxby,coxbykr@newyorker.com,qjDQxf
cdunkerkks,Chicky,Dunkerk,cdunkerkks@techcrunch.com,DSkFinZ
limesonkt,Lonnie,Imeson,limesonkt@topsy.com,uTB6fcyRADU
mcastagnetku,Mickie,Castagnet,mcastagnetku@google.com,Rokhdi058Qkh
gsnarkv,Gayelord,Snar,gsnarkv@cloudflare.com,stGPkd
frudyardkw,Frasier,Rudyard,frudyardkw@people.com.cn,4jIaNgp
msamudiokx,Myrtice,Samudio,msamudiokx@ca.gov,OsCUapTL7XDX
plepperky,Penelopa,Lepper,plepperky@weather.com,adxgo97v9wSC
aarlowkz,Alick,Arlow,aarlowkz@msu.edu,YQ1qUW
mmuzzil0,Martina,Muzzi,mmuzzil0@instagram.com,rGOjrb8ME
lwykesl1,Leeann,Wykes,lwykesl1@jugem.jp,cn78jGw
qthornborrowl2,Quinta,Thornborrow,qthornborrowl2@earthlink.net,dbi5OJL11I
agribbelll3,Alano,Gribbell,agribbelll3@t.co,HA5OMYM9Rv0
ckaesmakersl4,Cris,Kaesmakers,ckaesmakersl4@netvibes.com,G53UJmes
ksuttilll5,Kimberlee,Suttill,ksuttilll5@smugmug.com,V5X0ol1zgxSS
gbushenl6,Gregg,Bushen,gbushenl6@networkadvertising.org,GM2Zjkn
blowryl7,Bran,Lowry,blowryl7@pcworld.com,X7VXu57L8
jthorpl8,Junette,Thorp,jthorpl8@cam.ac.uk,X0IWpsojd7M
ffinlanl9,Felike,Finlan,ffinlanl9@google.pl,JHL6ndgZW8i
bblindermannla,Bendick,Blindermann,bblindermannla@gov.uk,CIHR8CFTE64
baujouanetlb,Barty,Aujouanet,baujouanetlb@google.com.hk,aCPmXKJ8IFI
mkinkaidlc,Mandie,Kinkaid,mkinkaidlc@mayoclinic.com,NN3bYJoItIc
jrisingld,Jackie,Rising,jrisingld@cnbc.com,RHpjwXK
btoxellle,Becky,Toxell,btoxellle@boston.com,5RjzIUExmzdJ
bharkeslf,Basilius,Harkes,bharkeslf@mediafire.com,X2SLLjcEcyW
gmorganslg,Glenn,Morgans,gmorganslg@msu.edu,8gl78zIKJ
hbuttresslh,Hortense,Buttress,hbuttresslh@ted.com,AYaXYchWc
lwhitebreadli,Lottie,Whitebread,lwhitebreadli@vinaora.com,1b5dYqccfkaq
zroselllj,Zach,Rosell,zroselllj@dion.ne.jp,162ZqU
asumptionlk,Antone,Sumption,asumptionlk@seesaa.net,lZ8b1XsSAd
dbeggll,Dagmar,Begg,dbeggll@symantec.com,SJTWiFhUz1Hn
bjakubowskilm,Bobbie,Jakubowski,bjakubowskilm@ebay.com,somcVB
wmartensenln,Wilek,Martensen,wmartensenln@goo.ne.jp,UDQWZvWpm
slipproselo,Sella,Lipprose,slipproselo@arizona.edu,oNqUmZ
fpetriellolp,Felizio,Petriello,fpetriellolp@ebay.com,mThGpJR
gzarfailq,Godwin,Zarfai,gzarfailq@ihg.com,LRhZxu
ccurdslr,Carlee,Curds,ccurdslr@techcrunch.com,LQMmqZHkRcx
jpennicottls,Judah,Pennicott,jpennicottls@microsoft.com,8cdeYd2uP
toertzenlt,Thorn,Oertzen,toertzenlt@un.org,hiqFRUNn
cherchelu,Christyna,Herche,cherchelu@dedecms.com,9uAB3FFKo
jgrenshielslv,Jock,Grenshiels,jgrenshielslv@economist.com,KMMvvehC2SOG
cfalcuslw,Chrysa,Falcus,cfalcuslw@hatena.ne.jp,Clf7wQenykf
tmarqueselx,Tammy,Marquese,tmarqueselx@cmu.edu,kRI8HnCrDrk
cwaightly,Cordi,Waight,cwaightly@tinypic.com,yB5Isvk2hj
whazeltinelz,Whittaker,Hazeltine,whazeltinelz@bizjournals.com,RQ0UKJiZ
hlarkingsm0,Hamlin,Larkings,hlarkingsm0@hhs.gov,DdIPtEuCav9P
cthewm1,Celine,Thew,cthewm1@mlb.com,FGrFRdXL00wY
dmartym2,Dominic,Marty,dmartym2@blog.com,S1IMP1lUg
crosenqvistm3,Cristine,Rosenqvist,crosenqvistm3@google.es,kFrhuLmwo8t
amaudsonm4,Ashleigh,Maudson,amaudsonm4@cloudflare.com,7YQ2fEdcdEL
ffulleylovem5,Fidel,Fulleylove,ffulleylovem5@hatena.ne.jp,42PdmAC5hPNW
jmetzkem6,Janenna,Metzke,jmetzkem6@cnet.com,PJhkPA5a
tgorewaym7,Taddeo,Goreway,tgorewaym7@wix.com,FVJoNRiXl4i
mglascottm8,Martelle,Glascott,mglascottm8@indiatimes.com,zhFNOXmA9Gc
bbrackenburym9,Blair,Brackenbury,bbrackenburym9@europa.eu,FtsoBjzIbACX
gpaolettima,Gilemette,Paoletti,gpaolettima@miibeian.gov.cn,TW5h1UV
ldunbarmb,Lenee,Dunbar,ldunbarmb@unesco.org,yMvMqcDzyZx
pspadollinimc,Pat,Spadollini,pspadollinimc@g.co,YPPtpv
davelinemd,Dorey,Aveline,davelinemd@dropbox.com,BHD2S7S
mbarokme,Murry,Barok,mbarokme@umn.edu,GFss98Q
cbrachermf,Chrisse,Bracher,cbrachermf@howstuffworks.com,uMragAIikjXk
umconiemg,Udall,McOnie,umconiemg@prweb.com,jYq2Tu98FW
pyarnmh,Phyllys,Yarn,pyarnmh@multiply.com,Y73gkLRNOl
hcanadami,Hettie,Canada,hcanadami@goo.gl,q51bKVzJ
jbuiemj,Joel,Buie,jbuiemj@instagram.com,ejFijS3wM
kslatenmk,Ky,Slaten,kslatenmk@slideshare.net,zYZZiGDKVA
rmaddockml,Radcliffe,Maddock,rmaddockml@ca.gov,k7fK0x5BU7q
lbonefantmm,Lib,Bonefant,lbonefantmm@reference.com,Kml3izG
mleasemn,Madlin,Lease,mleasemn@admin.ch,vbWbKpoX
bbryermo,Bili,Bryer,bbryermo@hc360.com,pmDF9P
pshukermp,Pamella,Shuker,pshukermp@homestead.com,NGuVigw
chamssonmq,Cassondra,Hamsson,chamssonmq@thetimes.co.uk,fRIlIBu5icSk
brousselmr,Bobbi,Roussel,brousselmr@mit.edu,HQzxUhvKrjK
cnicholasms,Christoffer,Nicholas,cnicholasms@macromedia.com,QCditBsXKc1
opfertnermt,Orelie,Pfertner,opfertnermt@themeforest.net,G3TGqyCjT
onollimu,Orelie,Nolli,onollimu@nasa.gov,IEITYAWSZ
sdollinmv,Steven,Dollin,sdollinmv@vkontakte.ru,VrYbSSXZLW
ssponermw,Shelbi,Sponer,ssponermw@jimdo.com,bbkYCGw2
maspinalmx,Miltie,Aspinal,maspinalmx@blogs.com,oBLtn1giT
rpyrahmy,Reeva,Pyrah,rpyrahmy@zdnet.com,KK3KO3q
afarrymz,Antone,Farry,afarrymz@amazon.com,wcMBeyeb9
ehairen0,Easter,Haire,ehairen0@europa.eu,c0r1wuPcvVRu
jsitchn1,Jorgan,Sitch,jsitchn1@google.nl,ekWPp29WTz
smacaleesn2,Staffard,MacAlees,smacaleesn2@free.fr,Qq49tC
iedbrooken3,Ingram,Edbrooke,iedbrooken3@t-online.de,2TjizA7hx
cgrigorescun4,Clarine,Grigorescu,cgrigorescun4@github.io,18IThlvpl
kalvenn5,Ketti,Alven,kalvenn5@sogou.com,BkOPiVN4qt1Y
atynen6,Addie,Tyne,atynen6@istockphoto.com,yiauAH
bdurtnalln7,Baily,Durtnall,bdurtnalln7@ebay.co.uk,EiLmBwSy7oR6
hgooseyn8,Henri,Goosey,hgooseyn8@wisc.edu,DPwJLtT
choylesn9,Consuela,Hoyles,choylesn9@newsvine.com,Hc14k99
mmarcinkusna,Merwin,Marcinkus,mmarcinkusna@digg.com,hRq0A1tW
zhoftonnb,Zerk,Hofton,zhoftonnb@unblog.fr,7UqnIyg9Xa
wcremennc,Wilmer,Cremen,wcremennc@printfriendly.com,VNhOlNM9Ivk
rmabeend,Rex,Mabee,rmabeend@t.co,tfdIL77cN
dgrishaginne,Della,Grishagin,dgrishaginne@patch.com,TndxxeeM5R4
nskeffingtonnf,Neddy,Skeffington,nskeffingtonnf@xinhuanet.com,Um0UeU
wbraleyng,Wilie,Braley,wbraleyng@army.mil,XdVvVb0A
ssommerlynh,Shamus,Sommerly,ssommerlynh@liveinternet.ru,LZOH7N3
llutmanni,Leland,Lutman,llutmanni@joomla.org,1o3TdNf
callwoodnj,Christiano,Allwood,callwoodnj@msu.edu,1bjoR3nVG
wstuckesnk,Wilhelmine,Stuckes,wstuckesnk@examiner.com,YpNT8q
rholbynl,Riordan,Holby,rholbynl@barnesandnoble.com,ACP1HGck
tjesteconm,Tailor,Jesteco,tjesteconm@addthis.com,xnbiWpAIhYl
acasacciann,Alta,Casaccia,acasacciann@archive.org,nSDOGKZ7
skhomichno,Sammie,Khomich,skhomichno@ebay.com,kKNweghtr
thannumnp,Tiertza,Hannum,thannumnp@altervista.org,G1Xfmu
yansleynq,Yul,Ansley,yansleynq@senate.gov,p9Wogh3m
lpreshonr,Livia,Presho,lpreshonr@pen.io,5y04zMQhnGTQ
klearmonthns,Karina,Learmonth,klearmonthns@ft.com,RXQXpfa2
crubicant,Candice,Rubica,crubicant@vk.com,qIij3RNR
cakhurstnu,Cyndy,Akhurst,cakhurstnu@cbslocal.com,HNar3SR
gboschmannnv,Giacopo,Boschmann,gboschmannnv@ycombinator.com,ppCTHoFW8f
mcutridgenw,Missie,Cutridge,mcutridgenw@pagesperso-orange.fr,LM2zeCkN9
aallsopnx,Ashli,Allsop,aallsopnx@economist.com,Kgaeysw42b4S
mcohnny,Marcellus,Cohn,mcohnny@parallels.com,dfbc1zB6Oc
bsnaddonnz,Bev,Snaddon,bsnaddonnz@cyberchimps.com,wlLBm97
jpreno0,Jacquelynn,Pren,jpreno0@taobao.com,iuY8Mim8
rfransmano1,Ricki,Fransman,rfransmano1@princeton.edu,lbka0HU7u
okorneevo2,Othella,Korneev,okorneevo2@twitpic.com,GVX0FGy7aTuW
ccroughano3,Claudius,Croughan,ccroughano3@homestead.com,4GY7HrgcA6kU
dwoolstono4,Darn,Woolston,dwoolstono4@theatlantic.com,F78pYK
kousleyo5,Karalynn,Ousley,kousleyo5@goodreads.com,SJlHp7
cmullarkeyo6,Crin,Mullarkey,cmullarkeyo6@smugmug.com,Of6wj6cm
lcossomo7,Lannie,Cossom,lcossomo7@aol.com,j5wIw0U
hwalliso8,Hedvig,Wallis,hwalliso8@yahoo.co.jp,34PS5HXq
teadmeadeso9,Theobald,Eadmeades,teadmeadeso9@theatlantic.com,0wlEFX8LFal
dcolbyoa,Davin,Colby,dcolbyoa@omniture.com,sQbB2J34Jtue
scrouchob,Selig,Crouch,scrouchob@jiathis.com,ZfiguMeQcnL
ggorceoc,Georgeta,Gorce,ggorceoc@stumbleupon.com,v80WPNGI
hsearesod,Haily,Seares,hsearesod@usgs.gov,Jfgu2Pa5Hv4
bbridgewateroe,Brier,Bridgewater,bbridgewateroe@samsung.com,aIXBeDHpIS
egotobedof,Evanne,Gotobed,egotobedof@chicagotribune.com,JBoviiV
fonionsog,Fran,O'Nions,fonionsog@360.cn,oA03RDbIuyOJ
afackrelloh,Antonin,Fackrell,afackrelloh@flickr.com,kjuHx9
taspdenoi,Talyah,Aspden,taspdenoi@economist.com,MFfeqQ7THM
ahaslockeoj,Ansley,Haslock(e),ahaslockeoj@ifeng.com,jCIVBNb
blucasok,Brunhilda,Lucas,blucasok@rakuten.co.jp,MtChkD9
hkerwoodol,Halimeda,Kerwood,hkerwoodol@elegantthemes.com,gDhgsZn66Gm
rsutterfieldom,Reeva,Sutterfield,rsutterfieldom@soundcloud.com,N8Zwo5
agrellieron,Arabelle,Grellier,agrellieron@dot.gov,UrHZvDQL2l
kkeppyoo,Keith,Keppy,kkeppyoo@cnbc.com,D1CSvZISG
clongthornop,Charlene,Longthorn,clongthornop@indiatimes.com,ndWcSQhm1
cpenkmanoq,Colman,Penkman,cpenkmanoq@google.com,FLrjUhblJKb
sfreireor,Sky,Freire,sfreireor@histats.com,fO0oaI
dbrodeuros,Dulcia,Brodeur,dbrodeuros@a8.net,CbEdTePWDi
etzukerot,Evania,Tzuker,etzukerot@wikispaces.com,RhNktvy1HGx
rmarlenou,Ronna,Marlen,rmarlenou@walmart.com,HS5tx2T1
kdullinghamov,Kirbee,Dullingham,kdullinghamov@ning.com,eKVcEO
sharbinsonow,Sol,Harbinson,sharbinsonow@tamu.edu,1S8feWfYMAk2
mcocktonox,Maible,Cockton,mcocktonox@freewebs.com,PAvLy5xONgF
ssouthornoy,Stace,Southorn,ssouthornoy@google.com.au,3iVSrOzn0HE
jlyddiardoz,Jorie,Lyddiard,jlyddiardoz@wikimedia.org,EYHkUbtg
ykerryp0,Yulma,Kerry,ykerryp0@vistaprint.com,tQm868aj89vH
kedelp1,Kai,Edel,kedelp1@sogou.com,Y1X4RGFIlWwl
kforesightp2,Keriann,Foresight,kforesightp2@bandcamp.com,FDzWL6m0
taylmorep3,Tamma,Aylmore,taylmorep3@vinaora.com,MCDGRwiCZW5
wcockleyp4,Weidar,Cockley,wcockleyp4@mail.ru,7i4Ila3L
preddishp5,Pietra,Reddish,preddishp5@yale.edu,TDcuEJh
bduferiep6,Biddie,Duferie,bduferiep6@mac.com,pZYVbz3ZTe2
mstockoep7,Miguelita,Stockoe,mstockoep7@vinaora.com,IzOni8CxLf
wdomonip8,Wendi,Domoni,wdomonip8@opera.com,pORFXVXKun
awixp9,Alanna,Wix,awixp9@google.cn,diDvR2fjrVnW
cgossonpa,Currey,Gosson,cgossonpa@biblegateway.com,dhuJg5
rmaidespb,Riccardo,Maides,rmaidespb@timesonline.co.uk,tXoSHfCo
mashdownpc,Maisey,Ashdown,mashdownpc@marketwatch.com,H0jCG8VkFcX
gchancepd,Glynis,Chance,gchancepd@php.net,2Lcp3qFuJnX
rmarklundpe,Rutherford,Marklund,rmarklundpe@mayoclinic.com,uW1xjtuDPb
mrawlspf,Marita,Rawls,mrawlspf@buzzfeed.com,nPFIGc3Ej9x
clanepg,Charisse,Lane,clanepg@phpbb.com,8fpCRvDLWj47
abrunelph,Augustus,Brunel,abrunelph@nba.com,ymKaACUN8sI
pedwinsonpi,Pacorro,Edwinson,pedwinsonpi@springer.com,uJHumDPpHnJ
mcarlilepj,Marie-ann,Carlile,mcarlilepj@dot.gov,0IrfmmE
rgudgeonpk,Reeva,Gudgeon,rgudgeonpk@cbslocal.com,1cXJ4rPTNjhD
cmalzardpl,Clyde,Malzard,cmalzardpl@psu.edu,zADNI2cn8Bg
gemmenspm,Georgetta,Emmens,gemmenspm@hao123.com,AFFBCnSI
smackeoghpn,Star,MacKeogh,smackeoghpn@so-net.ne.jp,tHPfKfEfwK8h
fbaikepo,Felipa,Baike,fbaikepo@berkeley.edu,mKQAeA
zdunspp,Zora,Duns,zdunspp@unc.edu,72lJO8B
rdudeneypq,Ruth,Dudeney,rdudeneypq@instagram.com,sOqlCpo
rrudhampr,Rorke,Rudham,rrudhampr@fastcompany.com,9wH4OW9Y
ddaughtonps,Darcey,Daughton,ddaughtonps@jugem.jp,gkL9UBbw0
bsarchwellpt,Barbabas,Sarchwell,bsarchwellpt@livejournal.com,esd7ZZBjQQ
vgrishuninpu,Victoria,Grishunin,vgrishuninpu@amazon.co.uk,jPJJcIY4i
kromeipv,Ky,Romei,kromeipv@cyberchimps.com,IS6mPUEz
cocorriganepw,Cory,O'Corrigane,cocorriganepw@etsy.com,YfHYYgsuVtIC
cshewonpx,Chiquita,Shewon,cshewonpx@who.int,ng5xtw
mfistpy,Malorie,Fist,mfistpy@si.edu,IGmwwBWH
mjershpz,Marlena,Jersh,mjershpz@dmoz.org,RRQ7gS6
nsammeq0,Norah,Samme,nsammeq0@google.com,Wp0uYG
rsauraq1,Robenia,Saura,rsauraq1@slashdot.org,CmHMYMJV
amaccaughanq2,Aurel,MacCaughan,amaccaughanq2@1und1.de,2xHsVTsE8bXh
dportailq3,Dode,Portail,dportailq3@google.de,QrSsPNNsBu8k
deastwoodq4,Dinnie,Eastwood,deastwoodq4@census.gov,8lBfYFgNCckE
bnibleyq5,Bidget,Nibley,bnibleyq5@amazon.co.jp,UVxVmL1cy
cclifftq6,Cher,Clifft,cclifftq6@wikipedia.org,5vvjeVvIhq
dovesenq7,Dex,Ovesen,dovesenq7@zdnet.com,9qHRL1fXpR
hgranthamq8,Hertha,Grantham,hgranthamq8@51.la,LGZ6Jo
odrowsfieldq9,Orelee,Drowsfield,odrowsfieldq9@hibu.com,9tSDGFR0ewQ
ufreyneqa,Ursala,Freyne,ufreyneqa@sitemeter.com,ehOjLeaux
tislandqb,Tully,Island,tislandqb@cnn.com,XAaORrG
hahmadqc,Hobart,Ahmad,hahmadqc@cnet.com,OQHcKysZADn
cskippingqd,Cyrus,Skipping,cskippingqd@nydailynews.com,5CgTHy
acolleltonqe,Aveline,Collelton,acolleltonqe@cam.ac.uk,vg0Qvm7G
newanqf,Nelli,Ewan,newanqf@businessweek.com,berAaD
tbrosioqg,Trumann,Brosio,tbrosioqg@mlb.com,jyXg6ZXUD0
hmcarleyqh,Hebert,McArley,hmcarleyqh@hatena.ne.jp,Zyn8n2SnwvX
fcomoqi,Felicia,Como,fcomoqi@last.fm,iNA4zoQjQiR
mgibbardqj,Marcel,Gibbard,mgibbardqj@yellowbook.com,iMwUIT1Ae
sadnettqk,Sherm,Adnett,sadnettqk@amazon.com,iT2A4eV
mcasierql,Margette,Casier,mcasierql@ted.com,Ov8NPRw
rdelgatyqm,Roobbie,Delgaty,rdelgatyqm@etsy.com,f4sttedYHo
rbartolqn,Rab,Bartol,rbartolqn@nyu.edu,m0RkslFuew28
vriggqo,Vernen,Rigg,vriggqo@oakley.com,mqmEA4Tds2
jlocksqp,Jillie,Locks,jlocksqp@goo.ne.jp,CKt5yLt7u
nwilloughwayqq,Natalina,Willoughway,nwilloughwayqq@moonfruit.com,teFQlHKHee
jkleisqr,Jerrine,Kleis,jkleisqr@mapquest.com,aVttox
dscadingqs,Devlin,Scading,dscadingqs@exblog.jp,LfGQNjrbx
mtilleyqt,Marina,Tilley,mtilleyqt@wufoo.com,x1eGao
bgiacubboqu,Blanch,Giacubbo,bgiacubboqu@netvibes.com,wvDWxAOfoh
olarcombeqv,Olav,Larcombe,olarcombeqv@craigslist.org,sEbJi0b6D1
jwindebankqw,Jonie,Windebank,jwindebankqw@purevolume.com,QeJyaU2
dsindersonqx,Dione,Sinderson,dsindersonqx@archive.org,pIdeb7Haze
fskippingsqy,Fanechka,Skippings,fskippingsqy@mysql.com,Iu5m1qZU2iGK
cmayworthqz,Cherrita,Mayworth,cmayworthqz@wikispaces.com,TKN70GId3
jbladerr0,Joaquin,Blader,jbladerr0@yelp.com,pItnyE8wWU
fdifrancescor1,Fraser,Di Francesco,fdifrancescor1@plala.or.jp,C7tv32fjC
tcrosoerr2,Trisha,Crosoer,tcrosoerr2@ebay.com,t8PMxCoJ
dburhillr3,Dilly,Burhill,dburhillr3@wix.com,JvW6fzf
hcrimr4,Hakim,Crim,hcrimr4@senate.gov,IkYXtfq2f
achittleburghr5,Andie,Chittleburgh,achittleburghr5@princeton.edu,4cWewozrQu
crabbattsr6,Cara,Rabbatts,crabbattsr6@sogou.com,geY02scC
hosichevr7,Harlen,Osichev,hosichevr7@sohu.com,yMXQTK7kr
cfullicksr8,Chalmers,Fullicks,cfullicksr8@fc2.com,1xaPVSE
aredmondr9,Andros,Redmond,aredmondr9@purevolume.com,SWlWij9Hx2
ehawneyra,Ernst,Hawney,ehawneyra@ovh.net,w8MVylTom
tewerrb,Tiphani,Ewer,tewerrb@jimdo.com,jaivGio5O
clefeaverrc,Carmina,Le feaver,clefeaverrc@mozilla.com,JliqsSmD
sdudmarshrd,Sampson,Dudmarsh,sdudmarshrd@mashable.com,EUbh7ghBlKd
reixenbergerre,Randi,Eixenberger,reixenbergerre@sogou.com,IJ2k4NACNW
cpetticrewrf,Colene,Petticrew,cpetticrewrf@ftc.gov,tQ3xf9V
bfrainrg,Brockie,Frain,bfrainrg@typepad.com,3pwrxCmNVgvU
zbullenrh,Zorina,Bullen,zbullenrh@vkontakte.ru,I38wyTfCB
bsamwayeri,Barby,Samwaye,bsamwayeri@mail.ru,YNnBNcOGww
pbouchierrj,Patrice,Bouchier,pbouchierrj@fotki.com,KyGaQtIoX
aknowlsonrk,Anderson,Knowlson,aknowlsonrk@youku.com,L7BZx3o
mgrimsterrl,Marta,Grimster,mgrimsterrl@buzzfeed.com,M9hNHFCK8
shannumrm,Suki,Hannum,shannumrm@cornell.edu,6qzcevDrYg
cgodsafern,Caressa,Godsafe,cgodsafern@newsvine.com,YJHnRHKdZw
mmanchesterro,Martino,Manchester,mmanchesterro@cocolog-nifty.com,DQewmFT4o2o
djaneczekrp,Deva,Janeczek,djaneczekrp@imageshack.us,ovetgFx
vgodballrq,Vassily,Godball,vgodballrq@auda.org.au,zRyqbh
kbellamrr,Kean,Bellam,kbellamrr@php.net,Zvu96P
